{"_timestamp":1.7622553785813508e+09,"_step":41,"Model loss":-34.126739501953125,"Value loss":2032.6900634765625,"_wandb":{"runtime":3},"_runtime":3,"Reward":1492.4745328067731}