{"_timestamp":1.762240498378916e+09,"_wandb":{"runtime":41246},"_runtime":41246,"_step":49999,"Model loss":0.40968310832977295,"Value loss":302.46295166015625,"Reward":18672.59531628599}